letter_ref,letter_url,item,note
Vol 2 no 1,https://recm.co.za/letters/v2-1,Fund returns 2023,"Cockroach +5.6% in US$ for 2023. No holdings named. Value fund sold Sibanye, Sasol, MultiChoice before big declines"
Vol 2 no 2,https://recm.co.za/letters/v2-2,"Nintendo, Activision",Global Value fund holdings
Vol 2 no 3,https://recm.co.za/letters/v2-3,Allocation,Cockroach has a high Japan weight and low US weight (no instruments named). Astoria owns part of a diamond miner
Vol 2 no 4,https://recm.co.za/letters/v2-4,"Volkswagen, Netflix, Tesla, UPS",Not owned
Vol 2 no 5,https://recm.co.za/letters/v2-5,"AB InBev, Toyota, gold miners",AB InBev in the Value fund; Toyota in Global Value; almost no gold equities in the equity funds
Vol 2 no 6,https://recm.co.za/letters/v2-6,Toyota,Global Value fund holding
Vol 2 no 7,https://recm.co.za/letters/v2-7,"FFH, Thungela, Reinet",Global Value / Value fund holdings
Vol 2 no 8,https://recm.co.za/letters/v2-8,Process change,Cockroach investment process changed August 2020; fund at an all-time high. no trades
Vol 2 no 9,https://recm.co.za/letters/v2-9,,no trades
Vol 2 no 10,https://recm.co.za/letters/v2-10,Leatt,Astoria increased its Leatt holding (not the Cockroach). no trades
Vol 2 no 11,https://recm.co.za/letters/v2-11,,no trades
Vol 2 no 13,https://recm.co.za/letters/v2-13,Oil-related securities; UK equities,"Cockroach has a ""significant allocation"" to oil-related securities and to the UK in the equity section; no instruments named, so no rows"
Vol 2 no 15,https://recm.co.za/letters/v2-15,FTSE 100; bucket weights,"""A decent allocation to the FTSE 100"" in the equity portion; instrument not named, so no row. Roughly 25% in each of cash, bonds, equities, hard assets"
Vol 2 no 16,https://recm.co.za/letters/v2-16,"EM, materials, energy, financials","Cockroach has ""broad exposure"" to these; no instruments named. Value fund holds Calgro M3"
Vol 2 no 17,https://recm.co.za/letters/v2-17,"SA allocation; Cameco, Nintendo",Cockroach has a 20% allocation to SA. Cameco and Nintendo are Global Value holdings
Vol 2 no 18,https://recm.co.za/letters/v2-18,Global Value fund,Global Value fund handed to Sean Peche. no trades
Vol 2 no 20,https://recm.co.za/letters/v2-20,Leatt,Astoria owns ~8% of Leatt. no trades
Vol 2 no 21,https://recm.co.za/letters/v2-21,"Argent, HCI",Value fund holdings. no trades
Vol 2 no 22,https://recm.co.za/letters/v2-22,Fund description,"Cockroach: 25% each in cash, bonds, equity, commodities; bulk of Piet's own savings"
Vol 2 no 23,https://recm.co.za/letters/v2-23,SA allocation,"Cockroach has 25% in SA assets, mainly government bonds"
Vol 2 no 24,https://recm.co.za/letters/v2-24,Lewis,Value fund holding. no trades
Vol 2 no 25,https://recm.co.za/letters/v2-25,Afrimat,Value fund holding. no trades
Vol 2 no 26,https://recm.co.za/letters/v2-26,"Capitec, FirstRand, Standard Bank",Value fund holdings
Vol 2 no 27,https://recm.co.za/letters/v2-27,Bell Equipment,Value fund holding; cockroach unit price at an all-time high
Vol 2 no 28,https://recm.co.za/letters/v2-28,,no trades
Vol 2 no 29,https://recm.co.za/letters/v2-29,"HCI, FirstRand, crypto",Value fund holdings. Piet personally buys some crypto monthly
Vol 2 no 30,https://recm.co.za/letters/v2-30,Equity approach,"Cockroach avoids stock picking, uses funds/ETFs, and Berkshire for US exposure"
Vol 2 no 31,https://recm.co.za/letters/v2-31,"Glencore, Merafe",Value fund holdings. no trades
Vol 2 no 32,https://recm.co.za/letters/v2-32,Bonds and gold,"Bonds 25%, mainly SA and other EM; gold and streaming ~20%; no Western long bonds, no gold miners. Not logged as rows (group sizes)"
Vol 2 no 33,https://recm.co.za/letters/v2-33,RECM consortium,RECM consortium buying 27 SA stocks; not the Cockroach
Vol 2 no 34,https://recm.co.za/letters/v2-34,,no trades
Vol 2 no 35,https://recm.co.za/letters/v2-35,,no trades
Vol 2 no 36,https://recm.co.za/letters/v2-36,Crypto,Cockroach uses Bitcoin/crypto as a store of value; vehicle not named here (FRMO in Vol 2 no 6 and 29)
Vol 2 no 38,https://recm.co.za/letters/v2-38,Equity allocation,"Overweight Japan, UK, EM; underweight Europe and USA. No instruments named"
Vol 2 no 39,https://recm.co.za/letters/v2-39,,no trades
Vol 2 no 40,https://recm.co.za/letters/v2-40,Performance,"4 years since Aug 2020: 9% p.a. US$, 9.9% p.a. ZAR, max drawdown 5.1%. no trades"
Vol 2 no 41,https://recm.co.za/letters/v2-41,"10 Stocks, Forever","Plan to build the equity portion into ~10 equal-weight stocks over 3 years: Berkshire, Microsoft/Apple, J&J/Roche, Disney, Nestle, Coca-Cola, LVMH, Nintendo/Tencent, Investor, Mastercard. Only Disney and Nestle started"
Vol 2 no 42,https://recm.co.za/letters/v2-42,Positioning,"Cockroach positioned: more gold and crypto, energy producers, EM and Japan equities, EM bonds ex-China, no Western fixed income, no Chinese assets"
Vol 2 no 43,https://recm.co.za/letters/v2-43,Sasol,Value fund owns some Sasol. no Cockroach trades
Vol 2 no 44,https://recm.co.za/letters/v2-44,"Lewis, Reinet",Value fund holdings. no trades
Vol 2 no 45,https://recm.co.za/letters/v2-45,Estee Lauder,On the buy list for January 2025 (forever stocks). Pharma excluded; a stock exchange to be added
Vol 2 no 46,https://recm.co.za/letters/v2-46,,no trades
